Time,A2_Temperature,STC_Temperature,B_Hostel_Temperature,SPCAI_Temperature
27:43,29.1,,,
Time,A2_Temperature,STC_Temperature,B_Hostel_Temperature,SPCAI_Temperature
27:46,,22.63359375,,
Time,A2_Temperature,STC_Temperature,B_Hostel_Temperature,SPCAI_Temperature
27:47,,,23.510546875,
Time,A2_Temperature,STC_Temperature,B_Hostel_Temperature,SPCAI_Temperature
27:54,29.1,,,
Time,A2_Temperature,STC_Temperature,B_Hostel_Temperature,SPCAI_Temperature
28:05,29.1,,,
Time,A2_Temperature,STC_Temperature,B_Hostel_Temperature,SPCAI_Temperature
28:15,29.1,,,
Time,A2_Temperature,STC_Temperature,B_Hostel_Temperature,SPCAI_Temperature
28:16,,22.5521484375,,
Time,A2_Temperature,STC_Temperature,B_Hostel_Temperature,SPCAI_Temperature
28:26,29.3,,,
Time,A2_Temperature,STC_Temperature,B_Hostel_Temperature,SPCAI_Temperature
28:28,,,23.4951171875,
Time,A2_Temperature,STC_Temperature,B_Hostel_Temperature,SPCAI_Temperature
28:36,30.3,,,
Time,A2_Temperature,STC_Temperature,B_Hostel_Temperature,SPCAI_Temperature
28:46,,22.5623046875,,
Time,A2_Temperature,STC_Temperature,B_Hostel_Temperature,SPCAI_Temperature
28:47,30.6,,,
Time,A2_Temperature,STC_Temperature,B_Hostel_Temperature,SPCAI_Temperature
28:57,30.7,,,
Time,A2_Temperature,STC_Temperature,B_Hostel_Temperature,SPCAI_Temperature
29:08,,,23.5259765625,
Time,A2_Temperature,STC_Temperature,B_Hostel_Temperature,SPCAI_Temperature
29:08,30.5,,,
Time,A2_Temperature,STC_Temperature,B_Hostel_Temperature,SPCAI_Temperature
29:17,,22.5826171875,,
Time,A2_Temperature,STC_Temperature,B_Hostel_Temperature,SPCAI_Temperature
29:18,30.4,,,
Time,A2_Temperature,STC_Temperature,B_Hostel_Temperature,SPCAI_Temperature
29:29,30.2,,,
Time,A2_Temperature,STC_Temperature,B_Hostel_Temperature,SPCAI_Temperature
29:40,30.1,,,
Time,A2_Temperature,STC_Temperature,B_Hostel_Temperature,SPCAI_Temperature
29:47,,22.5470703125,,
Time,A2_Temperature,STC_Temperature,B_Hostel_Temperature,SPCAI_Temperature
29:48,,,23.5158203125,
Time,A2_Temperature,STC_Temperature,B_Hostel_Temperature,SPCAI_Temperature
29:50,30.0,,,
Time,A2_Temperature,STC_Temperature,B_Hostel_Temperature,SPCAI_Temperature
30:01,30.0,,,
Time,A2_Temperature,STC_Temperature,B_Hostel_Temperature,SPCAI_Temperature
30:12,29.9,,,
Time,A2_Temperature,STC_Temperature,B_Hostel_Temperature,SPCAI_Temperature
30:17,,22.4353515625,,
Time,A2_Temperature,STC_Temperature,B_Hostel_Temperature,SPCAI_Temperature
30:22,29.9,,,
Time,A2_Temperature,STC_Temperature,B_Hostel_Temperature,SPCAI_Temperature
31:04,29.6,,,
Time,A2_Temperature,STC_Temperature,B_Hostel_Temperature,SPCAI_Temperature
31:08,,,23.366796875,
Time,A2_Temperature,STC_Temperature,B_Hostel_Temperature,SPCAI_Temperature
31:15,29.6,,,
Time,A2_Temperature,STC_Temperature,B_Hostel_Temperature,SPCAI_Temperature
31:17,,22.419921875,,
Time,A2_Temperature,STC_Temperature,B_Hostel_Temperature,SPCAI_Temperature
31:25,29.6,,,
Time,A2_Temperature,STC_Temperature,B_Hostel_Temperature,SPCAI_Temperature
31:36,29.6,,,
Time,A2_Temperature,STC_Temperature,B_Hostel_Temperature,SPCAI_Temperature
31:47,29.5,,,
Time,A2_Temperature,STC_Temperature,B_Hostel_Temperature,SPCAI_Temperature
31:47,,22.384375,,
Time,A2_Temperature,STC_Temperature,B_Hostel_Temperature,SPCAI_Temperature
31:48,,,23.294921875,
Time,A2_Temperature,STC_Temperature,B_Hostel_Temperature,SPCAI_Temperature
31:57,29.5,,,
Time,A2_Temperature,STC_Temperature,B_Hostel_Temperature,SPCAI_Temperature
32:08,29.4,,,
Time,A2_Temperature,STC_Temperature,B_Hostel_Temperature,SPCAI_Temperature
32:17,,22.419921875,,
Time,A2_Temperature,STC_Temperature,B_Hostel_Temperature,SPCAI_Temperature
32:18,29.4,,,
Time,A2_Temperature,STC_Temperature,B_Hostel_Temperature,SPCAI_Temperature
32:29,,,23.2693359375,
Time,A2_Temperature,STC_Temperature,B_Hostel_Temperature,SPCAI_Temperature
32:29,29.4,,,
Time,A2_Temperature,STC_Temperature,B_Hostel_Temperature,SPCAI_Temperature
32:40,29.4,,,
Time,A2_Temperature,STC_Temperature,B_Hostel_Temperature,SPCAI_Temperature
32:47,,22.4505859375,,
Time,A2_Temperature,STC_Temperature,B_Hostel_Temperature,SPCAI_Temperature
32:50,29.4,,,
Time,A2_Temperature,STC_Temperature,B_Hostel_Temperature,SPCAI_Temperature
33:01,29.3,,,
Time,A2_Temperature,STC_Temperature,B_Hostel_Temperature,SPCAI_Temperature
33:09,,,23.2693359375,
Time,A2_Temperature,STC_Temperature,B_Hostel_Temperature,SPCAI_Temperature
33:11,29.4,,,
Time,A2_Temperature,STC_Temperature,B_Hostel_Temperature,SPCAI_Temperature
33:17,,22.4353515625,,
Time,A2_Temperature,STC_Temperature,B_Hostel_Temperature,SPCAI_Temperature
33:22,29.3,,,
Time,A2_Temperature,STC_Temperature,B_Hostel_Temperature,SPCAI_Temperature
33:33,29.3,,,
Time,A2_Temperature,STC_Temperature,B_Hostel_Temperature,SPCAI_Temperature
33:43,29.3,,,
Time,A2_Temperature,STC_Temperature,B_Hostel_Temperature,SPCAI_Temperature
33:48,,22.369140625,,
Time,A2_Temperature,STC_Temperature,B_Hostel_Temperature,SPCAI_Temperature
33:48,,,23.212890625,
Time,A2_Temperature,STC_Temperature,B_Hostel_Temperature,SPCAI_Temperature
33:54,29.2,,,
Time,A2_Temperature,STC_Temperature,B_Hostel_Temperature,SPCAI_Temperature
34:04,29.3,,,
Time,A2_Temperature,STC_Temperature,B_Hostel_Temperature,SPCAI_Temperature
34:15,29.2,,,
Time,A2_Temperature,STC_Temperature,B_Hostel_Temperature,SPCAI_Temperature
34:17,,22.33359375,,
Time,A2_Temperature,STC_Temperature,B_Hostel_Temperature,SPCAI_Temperature
34:26,29.2,,,
Time,A2_Temperature,STC_Temperature,B_Hostel_Temperature,SPCAI_Temperature
34:29,,,23.2025390625,
Time,A2_Temperature,STC_Temperature,B_Hostel_Temperature,SPCAI_Temperature
34:36,29.2,,,
Time,A2_Temperature,STC_Temperature,B_Hostel_Temperature,SPCAI_Temperature
34:47,29.2,,,
Time,A2_Temperature,STC_Temperature,B_Hostel_Temperature,SPCAI_Temperature
34:48,,22.308203125,,
Time,A2_Temperature,STC_Temperature,B_Hostel_Temperature,SPCAI_Temperature
34:57,29.1,,,
Time,A2_Temperature,STC_Temperature,B_Hostel_Temperature,SPCAI_Temperature
35:08,29.1,,,
Time,A2_Temperature,STC_Temperature,B_Hostel_Temperature,SPCAI_Temperature
35:09,,,23.176953125,
Time,A2_Temperature,STC_Temperature,B_Hostel_Temperature,SPCAI_Temperature
35:18,,22.303125,,
Time,A2_Temperature,STC_Temperature,B_Hostel_Temperature,SPCAI_Temperature
35:19,29.1,,,
Time,A2_Temperature,STC_Temperature,B_Hostel_Temperature,SPCAI_Temperature
35:29,29.1,,,
Time,A2_Temperature,STC_Temperature,B_Hostel_Temperature,SPCAI_Temperature
35:40,29.1,,,
Time,A2_Temperature,STC_Temperature,B_Hostel_Temperature,SPCAI_Temperature
35:48,,22.277734375,,
Time,A2_Temperature,STC_Temperature,B_Hostel_Temperature,SPCAI_Temperature
35:49,,,23.1357421875,
Time,A2_Temperature,STC_Temperature,B_Hostel_Temperature,SPCAI_Temperature
35:50,29.1,,,
Time,A2_Temperature,STC_Temperature,B_Hostel_Temperature,SPCAI_Temperature
36:01,29.1,,,
Time,A2_Temperature,STC_Temperature,B_Hostel_Temperature,SPCAI_Temperature
36:11,29.1,,,
Time,A2_Temperature,STC_Temperature,B_Hostel_Temperature,SPCAI_Temperature
36:18,,22.2216796875,,
Time,A2_Temperature,STC_Temperature,B_Hostel_Temperature,SPCAI_Temperature
36:22,29.1,,,
Time,A2_Temperature,STC_Temperature,B_Hostel_Temperature,SPCAI_Temperature
36:29,,,23.00234375,
Time,A2_Temperature,STC_Temperature,B_Hostel_Temperature,SPCAI_Temperature
36:32,29.1,,,
Time,A2_Temperature,STC_Temperature,B_Hostel_Temperature,SPCAI_Temperature
36:43,29.1,,,
Time,A2_Temperature,STC_Temperature,B_Hostel_Temperature,SPCAI_Temperature
36:48,,22.1302734375,,
Time,A2_Temperature,STC_Temperature,B_Hostel_Temperature,SPCAI_Temperature
36:54,29.1,,,
Time,A2_Temperature,STC_Temperature,B_Hostel_Temperature,SPCAI_Temperature
37:05,29.1,,,
Time,A2_Temperature,STC_Temperature,B_Hostel_Temperature,SPCAI_Temperature
37:09,,,22.8791015625,
Time,A2_Temperature,STC_Temperature,B_Hostel_Temperature,SPCAI_Temperature
37:15,29.1,,,
Time,A2_Temperature,STC_Temperature,B_Hostel_Temperature,SPCAI_Temperature
37:18,,22.1048828125,,
Time,A2_Temperature,STC_Temperature,B_Hostel_Temperature,SPCAI_Temperature
37:26,29.0,,,
Time,A2_Temperature,STC_Temperature,B_Hostel_Temperature,SPCAI_Temperature
37:36,29.1,,,
Time,A2_Temperature,STC_Temperature,B_Hostel_Temperature,SPCAI_Temperature
37:47,29.0,,,
Time,A2_Temperature,STC_Temperature,B_Hostel_Temperature,SPCAI_Temperature
37:57,29.4,,,
Time,A2_Temperature,STC_Temperature,B_Hostel_Temperature,SPCAI_Temperature
38:08,30.2,,,
Time,A2_Temperature,STC_Temperature,B_Hostel_Temperature,SPCAI_Temperature
38:18,30.6,,,
Time,A2_Temperature,STC_Temperature,B_Hostel_Temperature,SPCAI_Temperature
38:29,30.4,,,
Time,A2_Temperature,STC_Temperature,B_Hostel_Temperature,SPCAI_Temperature
38:40,30.3,,,
Time,A2_Temperature,STC_Temperature,B_Hostel_Temperature,SPCAI_Temperature
38:50,30.3,,,
Time,A2_Temperature,STC_Temperature,B_Hostel_Temperature,SPCAI_Temperature
39:01,30.2,,,
Time,A2_Temperature,STC_Temperature,B_Hostel_Temperature,SPCAI_Temperature
39:11,30.1,,,
Time,A2_Temperature,STC_Temperature,B_Hostel_Temperature,SPCAI_Temperature
39:22,30.1,,,
Time,A2_Temperature,STC_Temperature,B_Hostel_Temperature,SPCAI_Temperature
39:33,30.3,,,
Time,A2_Temperature,STC_Temperature,B_Hostel_Temperature,SPCAI_Temperature
39:43,30.4,,,
Time,A2_Temperature,STC_Temperature,B_Hostel_Temperature,SPCAI_Temperature
55:13,,21.606640625,,
Time,A2_Temperature,STC_Temperature,B_Hostel_Temperature,SPCAI_Temperature
55:44,,21.566015625,,
Time,A2_Temperature,STC_Temperature,B_Hostel_Temperature,SPCAI_Temperature
55:56,,,,18.9
Time,A2_Temperature,STC_Temperature,B_Hostel_Temperature,SPCAI_Temperature
56:06,,,,18.9
Time,A2_Temperature,STC_Temperature,B_Hostel_Temperature,SPCAI_Temperature
56:14,,21.637109375,,
Time,A2_Temperature,STC_Temperature,B_Hostel_Temperature,SPCAI_Temperature
56:17,,,,18.9
Time,A2_Temperature,STC_Temperature,B_Hostel_Temperature,SPCAI_Temperature
56:28,,,,18.9
Time,A2_Temperature,STC_Temperature,B_Hostel_Temperature,SPCAI_Temperature
56:38,,,,18.9
Time,A2_Temperature,STC_Temperature,B_Hostel_Temperature,SPCAI_Temperature
56:44,,21.657421875,,
Time,A2_Temperature,STC_Temperature,B_Hostel_Temperature,SPCAI_Temperature
56:49,,,,19.0
Time,A2_Temperature,STC_Temperature,B_Hostel_Temperature,SPCAI_Temperature
56:59,,,,19.0
Time,A2_Temperature,STC_Temperature,B_Hostel_Temperature,SPCAI_Temperature
57:10,,,,19.1
Time,A2_Temperature,STC_Temperature,B_Hostel_Temperature,SPCAI_Temperature
57:15,,21.8505859375,,
Time,A2_Temperature,STC_Temperature,B_Hostel_Temperature,SPCAI_Temperature
57:20,,,,19.1
Time,A2_Temperature,STC_Temperature,B_Hostel_Temperature,SPCAI_Temperature
57:31,,,,19.1
Time,A2_Temperature,STC_Temperature,B_Hostel_Temperature,SPCAI_Temperature
57:41,,,,19.2
Time,A2_Temperature,STC_Temperature,B_Hostel_Temperature,SPCAI_Temperature
57:44,,21.916796875,,
Time,A2_Temperature,STC_Temperature,B_Hostel_Temperature,SPCAI_Temperature
57:52,,,,19.1
Time,A2_Temperature,STC_Temperature,B_Hostel_Temperature,SPCAI_Temperature
58:03,,,,19.2
Time,A2_Temperature,STC_Temperature,B_Hostel_Temperature,SPCAI_Temperature
58:13,,,,19.2
Time,A2_Temperature,STC_Temperature,B_Hostel_Temperature,SPCAI_Temperature
58:14,,21.93203125,,
Time,A2_Temperature,STC_Temperature,B_Hostel_Temperature,SPCAI_Temperature
58:24,,,,19.2
Time,A2_Temperature,STC_Temperature,B_Hostel_Temperature,SPCAI_Temperature
58:34,,,,19.1
Time,A2_Temperature,STC_Temperature,B_Hostel_Temperature,SPCAI_Temperature
58:44,,27.8796875,,
Time,A2_Temperature,STC_Temperature,B_Hostel_Temperature,SPCAI_Temperature
58:45,,,,19.1
Time,A2_Temperature,STC_Temperature,B_Hostel_Temperature,SPCAI_Temperature
58:56,,,,19.1
Time,A2_Temperature,STC_Temperature,B_Hostel_Temperature,SPCAI_Temperature
59:06,,,,19.1
Time,A2_Temperature,STC_Temperature,B_Hostel_Temperature,SPCAI_Temperature
59:10,,,25.15859375,
Time,A2_Temperature,STC_Temperature,B_Hostel_Temperature,SPCAI_Temperature
59:14,,24.971875,,
Time,A2_Temperature,STC_Temperature,B_Hostel_Temperature,SPCAI_Temperature
59:17,,,,19.3
Time,A2_Temperature,STC_Temperature,B_Hostel_Temperature,SPCAI_Temperature
59:27,,,,19.3
Time,A2_Temperature,STC_Temperature,B_Hostel_Temperature,SPCAI_Temperature
59:38,,,,19.2
Time,A2_Temperature,STC_Temperature,B_Hostel_Temperature,SPCAI_Temperature
59:45,,26.0953125,,
Time,A2_Temperature,STC_Temperature,B_Hostel_Temperature,SPCAI_Temperature
59:48,,,,19.2
Time,A2_Temperature,STC_Temperature,B_Hostel_Temperature,SPCAI_Temperature
59:50,,,26.0005859375,
Time,A2_Temperature,STC_Temperature,B_Hostel_Temperature,SPCAI_Temperature
59:59,,,,19.3
Time,A2_Temperature,STC_Temperature,B_Hostel_Temperature,SPCAI_Temperature
00:10,,,,19.2
Time,A2_Temperature,STC_Temperature,B_Hostel_Temperature,SPCAI_Temperature
00:15,,24.7076171875,,
Time,A2_Temperature,STC_Temperature,B_Hostel_Temperature,SPCAI_Temperature
00:20,,,,19.2
Time,A2_Temperature,STC_Temperature,B_Hostel_Temperature,SPCAI_Temperature
00:31,,,26.6013671875,
Time,A2_Temperature,STC_Temperature,B_Hostel_Temperature,SPCAI_Temperature
00:31,,,,19.1
Time,A2_Temperature,STC_Temperature,B_Hostel_Temperature,SPCAI_Temperature
00:41,,,,19.1
Time,A2_Temperature,STC_Temperature,B_Hostel_Temperature,SPCAI_Temperature
00:45,,23.782421875,,
Time,A2_Temperature,STC_Temperature,B_Hostel_Temperature,SPCAI_Temperature
00:52,,,,19.1
Time,A2_Temperature,STC_Temperature,B_Hostel_Temperature,SPCAI_Temperature
01:02,,,,19.1
Time,A2_Temperature,STC_Temperature,B_Hostel_Temperature,SPCAI_Temperature
01:10,,,27.130078125,
Time,A2_Temperature,STC_Temperature,B_Hostel_Temperature,SPCAI_Temperature
01:13,,,,19.1
Time,A2_Temperature,STC_Temperature,B_Hostel_Temperature,SPCAI_Temperature
01:15,,23.2841796875,,
Time,A2_Temperature,STC_Temperature,B_Hostel_Temperature,SPCAI_Temperature
01:23,,,,19.1
Time,A2_Temperature,STC_Temperature,B_Hostel_Temperature,SPCAI_Temperature
01:34,,,,19.1
Time,A2_Temperature,STC_Temperature,B_Hostel_Temperature,SPCAI_Temperature
01:45,,,,19.1
Time,A2_Temperature,STC_Temperature,B_Hostel_Temperature,SPCAI_Temperature
01:45,,23.030078125,,
Time,A2_Temperature,STC_Temperature,B_Hostel_Temperature,SPCAI_Temperature
01:50,,,27.58203125,
Time,A2_Temperature,STC_Temperature,B_Hostel_Temperature,SPCAI_Temperature
01:55,,,,19.2
Time,A2_Temperature,STC_Temperature,B_Hostel_Temperature,SPCAI_Temperature
02:06,,,,19.1
Time,A2_Temperature,STC_Temperature,B_Hostel_Temperature,SPCAI_Temperature
02:15,,22.8064453125,,
Time,A2_Temperature,STC_Temperature,B_Hostel_Temperature,SPCAI_Temperature
02:16,,,,19.1
Time,A2_Temperature,STC_Temperature,B_Hostel_Temperature,SPCAI_Temperature
02:27,,,,19.1
Time,A2_Temperature,STC_Temperature,B_Hostel_Temperature,SPCAI_Temperature
02:31,,,28.01328125,
Time,A2_Temperature,STC_Temperature,B_Hostel_Temperature,SPCAI_Temperature
02:38,,,,19.1
Time,A2_Temperature,STC_Temperature,B_Hostel_Temperature,SPCAI_Temperature
02:45,,22.5419921875,,
Time,A2_Temperature,STC_Temperature,B_Hostel_Temperature,SPCAI_Temperature
02:48,,,,19.1
Time,A2_Temperature,STC_Temperature,B_Hostel_Temperature,SPCAI_Temperature
02:59,,,,19.1
Time,A2_Temperature,STC_Temperature,B_Hostel_Temperature,SPCAI_Temperature
03:09,,,,19.1
Time,A2_Temperature,STC_Temperature,B_Hostel_Temperature,SPCAI_Temperature
03:11,,,28.30078125,
Time,A2_Temperature,STC_Temperature,B_Hostel_Temperature,SPCAI_Temperature
03:15,,22.2216796875,,
Time,A2_Temperature,STC_Temperature,B_Hostel_Temperature,SPCAI_Temperature
03:20,,,,19.0
Time,A2_Temperature,STC_Temperature,B_Hostel_Temperature,SPCAI_Temperature
03:30,,,,18.9
Time,A2_Temperature,STC_Temperature,B_Hostel_Temperature,SPCAI_Temperature
03:43,,,,19.0
Time,A2_Temperature,STC_Temperature,B_Hostel_Temperature,SPCAI_Temperature
03:45,,21.97265625,,
Time,A2_Temperature,STC_Temperature,B_Hostel_Temperature,SPCAI_Temperature
03:51,,,28.5267578125,
Time,A2_Temperature,STC_Temperature,B_Hostel_Temperature,SPCAI_Temperature
03:54,,,,19.0
Time,A2_Temperature,STC_Temperature,B_Hostel_Temperature,SPCAI_Temperature
04:04,,,,18.9
Time,A2_Temperature,STC_Temperature,B_Hostel_Temperature,SPCAI_Temperature
04:15,,,,19.1
Time,A2_Temperature,STC_Temperature,B_Hostel_Temperature,SPCAI_Temperature
04:15,,21.95234375,,
Time,A2_Temperature,STC_Temperature,B_Hostel_Temperature,SPCAI_Temperature
04:25,,,,19.1
Time,A2_Temperature,STC_Temperature,B_Hostel_Temperature,SPCAI_Temperature
04:31,,,28.7216796875,
Time,A2_Temperature,STC_Temperature,B_Hostel_Temperature,SPCAI_Temperature
04:36,,,,19.1
Time,A2_Temperature,STC_Temperature,B_Hostel_Temperature,SPCAI_Temperature
04:46,,21.8556640625,,
Time,A2_Temperature,STC_Temperature,B_Hostel_Temperature,SPCAI_Temperature
04:47,,,,19.1
Time,A2_Temperature,STC_Temperature,B_Hostel_Temperature,SPCAI_Temperature
04:57,,,,19.1
Time,A2_Temperature,STC_Temperature,B_Hostel_Temperature,SPCAI_Temperature
05:08,,,,19.0
Time,A2_Temperature,STC_Temperature,B_Hostel_Temperature,SPCAI_Temperature
05:11,,,28.870703125,
Time,A2_Temperature,STC_Temperature,B_Hostel_Temperature,SPCAI_Temperature
05:16,,21.6830078125,,
Time,A2_Temperature,STC_Temperature,B_Hostel_Temperature,SPCAI_Temperature
05:18,,,,19.0
Time,A2_Temperature,STC_Temperature,B_Hostel_Temperature,SPCAI_Temperature
05:29,,,,18.9
Time,A2_Temperature,STC_Temperature,B_Hostel_Temperature,SPCAI_Temperature
05:39,,,,18.9
Time,A2_Temperature,STC_Temperature,B_Hostel_Temperature,SPCAI_Temperature
05:46,,21.647265625,,
Time,A2_Temperature,STC_Temperature,B_Hostel_Temperature,SPCAI_Temperature
05:50,,,,19.1
Time,A2_Temperature,STC_Temperature,B_Hostel_Temperature,SPCAI_Temperature
05:51,,,28.83984375,
Time,A2_Temperature,STC_Temperature,B_Hostel_Temperature,SPCAI_Temperature
06:01,,,,19.0
Time,A2_Temperature,STC_Temperature,B_Hostel_Temperature,SPCAI_Temperature
06:11,,,,19.0
Time,A2_Temperature,STC_Temperature,B_Hostel_Temperature,SPCAI_Temperature
06:16,,21.7236328125,,
Time,A2_Temperature,STC_Temperature,B_Hostel_Temperature,SPCAI_Temperature
06:22,,,,19.1
Time,A2_Temperature,STC_Temperature,B_Hostel_Temperature,SPCAI_Temperature
06:31,,,29.194140625,
Time,A2_Temperature,STC_Temperature,B_Hostel_Temperature,SPCAI_Temperature
06:32,,,,18.9
Time,A2_Temperature,STC_Temperature,B_Hostel_Temperature,SPCAI_Temperature
06:43,,,,18.9
Time,A2_Temperature,STC_Temperature,B_Hostel_Temperature,SPCAI_Temperature
06:46,,21.8251953125,,
Time,A2_Temperature,STC_Temperature,B_Hostel_Temperature,SPCAI_Temperature
06:54,,,,18.9
Time,A2_Temperature,STC_Temperature,B_Hostel_Temperature,SPCAI_Temperature
07:04,,,,19.1
Time,A2_Temperature,STC_Temperature,B_Hostel_Temperature,SPCAI_Temperature
07:11,,,29.4302734375,
Time,A2_Temperature,STC_Temperature,B_Hostel_Temperature,SPCAI_Temperature
07:15,,,,18.9
Time,A2_Temperature,STC_Temperature,B_Hostel_Temperature,SPCAI_Temperature
07:16,,21.91171875,,
Time,A2_Temperature,STC_Temperature,B_Hostel_Temperature,SPCAI_Temperature
07:25,,,,18.9
Time,A2_Temperature,STC_Temperature,B_Hostel_Temperature,SPCAI_Temperature
07:36,,,,19.1
Time,A2_Temperature,STC_Temperature,B_Hostel_Temperature,SPCAI_Temperature
07:46,,21.9625,,
Time,A2_Temperature,STC_Temperature,B_Hostel_Temperature,SPCAI_Temperature
07:46,,,,19.0
Time,A2_Temperature,STC_Temperature,B_Hostel_Temperature,SPCAI_Temperature
07:51,,,29.687109375,
Time,A2_Temperature,STC_Temperature,B_Hostel_Temperature,SPCAI_Temperature
07:57,,,,19.0
Time,A2_Temperature,STC_Temperature,B_Hostel_Temperature,SPCAI_Temperature
08:07,,,,19.0
Time,A2_Temperature,STC_Temperature,B_Hostel_Temperature,SPCAI_Temperature
08:16,,21.95234375,,
Time,A2_Temperature,STC_Temperature,B_Hostel_Temperature,SPCAI_Temperature
08:18,,,,19.0
Time,A2_Temperature,STC_Temperature,B_Hostel_Temperature,SPCAI_Temperature
08:29,,,,19.1
Time,A2_Temperature,STC_Temperature,B_Hostel_Temperature,SPCAI_Temperature
08:32,,,29.7486328125,
Time,A2_Temperature,STC_Temperature,B_Hostel_Temperature,SPCAI_Temperature
08:39,,,,19.0
Time,A2_Temperature,STC_Temperature,B_Hostel_Temperature,SPCAI_Temperature
08:46,,21.7947265625,,
Time,A2_Temperature,STC_Temperature,B_Hostel_Temperature,SPCAI_Temperature
08:50,,,,19.1
Time,A2_Temperature,STC_Temperature,B_Hostel_Temperature,SPCAI_Temperature
09:00,,,,19.1
Time,A2_Temperature,STC_Temperature,B_Hostel_Temperature,SPCAI_Temperature
09:11,,,,19.1
Time,A2_Temperature,STC_Temperature,B_Hostel_Temperature,SPCAI_Temperature
09:12,,,29.8359375,
Time,A2_Temperature,STC_Temperature,B_Hostel_Temperature,SPCAI_Temperature
09:17,,21.7185546875,,
Time,A2_Temperature,STC_Temperature,B_Hostel_Temperature,SPCAI_Temperature
09:21,,,,19.1
Time,A2_Temperature,STC_Temperature,B_Hostel_Temperature,SPCAI_Temperature
09:32,,,,18.9
Time,A2_Temperature,STC_Temperature,B_Hostel_Temperature,SPCAI_Temperature
09:43,,,,18.9
Time,A2_Temperature,STC_Temperature,B_Hostel_Temperature,SPCAI_Temperature
09:47,,21.7083984375,,
Time,A2_Temperature,STC_Temperature,B_Hostel_Temperature,SPCAI_Temperature
09:52,,,29.984765625,
Time,A2_Temperature,STC_Temperature,B_Hostel_Temperature,SPCAI_Temperature
09:53,,,,19.0
Time,A2_Temperature,STC_Temperature,B_Hostel_Temperature,SPCAI_Temperature
10:04,,,,19.0
Time,A2_Temperature,STC_Temperature,B_Hostel_Temperature,SPCAI_Temperature
10:14,,,,19.0
Time,A2_Temperature,STC_Temperature,B_Hostel_Temperature,SPCAI_Temperature
10:17,,21.7388671875,,
Time,A2_Temperature,STC_Temperature,B_Hostel_Temperature,SPCAI_Temperature
10:25,,,,19.1
Time,A2_Temperature,STC_Temperature,B_Hostel_Temperature,SPCAI_Temperature
10:32,,,30.1388671875,
Time,A2_Temperature,STC_Temperature,B_Hostel_Temperature,SPCAI_Temperature
10:36,,,,19.1
Time,A2_Temperature,STC_Temperature,B_Hostel_Temperature,SPCAI_Temperature
10:46,,,,19.1
Time,A2_Temperature,STC_Temperature,B_Hostel_Temperature,SPCAI_Temperature
10:47,,21.8404296875,,
Time,A2_Temperature,STC_Temperature,B_Hostel_Temperature,SPCAI_Temperature
10:57,,,,19.1
Time,A2_Temperature,STC_Temperature,B_Hostel_Temperature,SPCAI_Temperature
11:07,,,,19.1
Time,A2_Temperature,STC_Temperature,B_Hostel_Temperature,SPCAI_Temperature
11:12,,,30.1953125,
Time,A2_Temperature,STC_Temperature,B_Hostel_Temperature,SPCAI_Temperature
11:17,,21.7693359375,,
Time,A2_Temperature,STC_Temperature,B_Hostel_Temperature,SPCAI_Temperature
11:18,,,,19.1
Time,A2_Temperature,STC_Temperature,B_Hostel_Temperature,SPCAI_Temperature
11:28,,,,19.1
Time,A2_Temperature,STC_Temperature,B_Hostel_Temperature,SPCAI_Temperature
11:39,,,,19.1
Time,A2_Temperature,STC_Temperature,B_Hostel_Temperature,SPCAI_Temperature
11:47,,21.6931640625,,
Time,A2_Temperature,STC_Temperature,B_Hostel_Temperature,SPCAI_Temperature
11:50,,,,19.1
Time,A2_Temperature,STC_Temperature,B_Hostel_Temperature,SPCAI_Temperature
11:52,,,30.18515625,
Time,A2_Temperature,STC_Temperature,B_Hostel_Temperature,SPCAI_Temperature
12:00,,,,19.1
Time,A2_Temperature,STC_Temperature,B_Hostel_Temperature,SPCAI_Temperature
12:11,,,,19.0
Time,A2_Temperature,STC_Temperature,B_Hostel_Temperature,SPCAI_Temperature
12:17,,21.7439453125,,
Time,A2_Temperature,STC_Temperature,B_Hostel_Temperature,SPCAI_Temperature
12:21,,,,19.0
Time,A2_Temperature,STC_Temperature,B_Hostel_Temperature,SPCAI_Temperature
12:32,,,,18.8
Time,A2_Temperature,STC_Temperature,B_Hostel_Temperature,SPCAI_Temperature
12:32,,,29.984765625,
Time,A2_Temperature,STC_Temperature,B_Hostel_Temperature,SPCAI_Temperature
12:42,,,,18.9
Time,A2_Temperature,STC_Temperature,B_Hostel_Temperature,SPCAI_Temperature
12:47,,21.7541015625,,
Time,A2_Temperature,STC_Temperature,B_Hostel_Temperature,SPCAI_Temperature
12:53,,,,18.9
Time,A2_Temperature,STC_Temperature,B_Hostel_Temperature,SPCAI_Temperature
13:04,,,,19.0
Time,A2_Temperature,STC_Temperature,B_Hostel_Temperature,SPCAI_Temperature
13:12,,,30.056640625,
Time,A2_Temperature,STC_Temperature,B_Hostel_Temperature,SPCAI_Temperature
13:14,,,,18.9
Time,A2_Temperature,STC_Temperature,B_Hostel_Temperature,SPCAI_Temperature
13:18,,21.8099609375,,
Time,A2_Temperature,STC_Temperature,B_Hostel_Temperature,SPCAI_Temperature
13:25,,,,19.1
Time,A2_Temperature,STC_Temperature,B_Hostel_Temperature,SPCAI_Temperature
13:36,,,,19.0
Time,A2_Temperature,STC_Temperature,B_Hostel_Temperature,SPCAI_Temperature
13:48,,21.7287109375,,
Time,A2_Temperature,STC_Temperature,B_Hostel_Temperature,SPCAI_Temperature
13:48,,,,19.1
Time,A2_Temperature,STC_Temperature,B_Hostel_Temperature,SPCAI_Temperature
13:52,,,30.3544921875,
Time,A2_Temperature,STC_Temperature,B_Hostel_Temperature,SPCAI_Temperature
13:56,,,,19.0
Time,A2_Temperature,STC_Temperature,B_Hostel_Temperature,SPCAI_Temperature
14:07,,,,19.0
Time,A2_Temperature,STC_Temperature,B_Hostel_Temperature,SPCAI_Temperature
14:18,,,,19.1
Time,A2_Temperature,STC_Temperature,B_Hostel_Temperature,SPCAI_Temperature
14:18,,21.667578125,,
Time,A2_Temperature,STC_Temperature,B_Hostel_Temperature,SPCAI_Temperature
14:28,,,,19.2
Time,A2_Temperature,STC_Temperature,B_Hostel_Temperature,SPCAI_Temperature
14:32,,,30.4623046875,
Time,A2_Temperature,STC_Temperature,B_Hostel_Temperature,SPCAI_Temperature
14:39,,,,19.1
Time,A2_Temperature,STC_Temperature,B_Hostel_Temperature,SPCAI_Temperature
14:48,,21.7083984375,,
Time,A2_Temperature,STC_Temperature,B_Hostel_Temperature,SPCAI_Temperature
14:49,,,,19.1
Time,A2_Temperature,STC_Temperature,B_Hostel_Temperature,SPCAI_Temperature
15:00,,,,19.1
Time,A2_Temperature,STC_Temperature,B_Hostel_Temperature,SPCAI_Temperature
15:11,,,,19.3
Time,A2_Temperature,STC_Temperature,B_Hostel_Temperature,SPCAI_Temperature
15:13,,,30.5650390625,
Time,A2_Temperature,STC_Temperature,B_Hostel_Temperature,SPCAI_Temperature
15:18,,21.7337890625,,
Time,A2_Temperature,STC_Temperature,B_Hostel_Temperature,SPCAI_Temperature
15:21,,,,19.1
Time,A2_Temperature,STC_Temperature,B_Hostel_Temperature,SPCAI_Temperature
15:32,,,,19.3
Time,A2_Temperature,STC_Temperature,B_Hostel_Temperature,SPCAI_Temperature
15:42,,,,19.2
Time,A2_Temperature,STC_Temperature,B_Hostel_Temperature,SPCAI_Temperature
15:48,,21.7236328125,,
Time,A2_Temperature,STC_Temperature,B_Hostel_Temperature,SPCAI_Temperature
15:53,,,,19.1
Time,A2_Temperature,STC_Temperature,B_Hostel_Temperature,SPCAI_Temperature
15:53,,,30.72421875,
Time,A2_Temperature,STC_Temperature,B_Hostel_Temperature,SPCAI_Temperature
16:03,,,,19.1
Time,A2_Temperature,STC_Temperature,B_Hostel_Temperature,SPCAI_Temperature
16:14,,,,19.2
Time,A2_Temperature,STC_Temperature,B_Hostel_Temperature,SPCAI_Temperature
16:18,,21.7033203125,,
Time,A2_Temperature,STC_Temperature,B_Hostel_Temperature,SPCAI_Temperature
16:24,,,,19.1
Time,A2_Temperature,STC_Temperature,B_Hostel_Temperature,SPCAI_Temperature
16:33,,,30.908984375,
Time,A2_Temperature,STC_Temperature,B_Hostel_Temperature,SPCAI_Temperature
16:35,,,,19.2
Time,A2_Temperature,STC_Temperature,B_Hostel_Temperature,SPCAI_Temperature
16:45,,,,19.1
Time,A2_Temperature,STC_Temperature,B_Hostel_Temperature,SPCAI_Temperature
16:48,,21.6830078125,,
Time,A2_Temperature,STC_Temperature,B_Hostel_Temperature,SPCAI_Temperature
16:56,,,,19.0
Time,A2_Temperature,STC_Temperature,B_Hostel_Temperature,SPCAI_Temperature
17:07,,,,19.1
Time,A2_Temperature,STC_Temperature,B_Hostel_Temperature,SPCAI_Temperature
17:13,,,30.9603515625,
Time,A2_Temperature,STC_Temperature,B_Hostel_Temperature,SPCAI_Temperature
17:17,,,,19.1
Time,A2_Temperature,STC_Temperature,B_Hostel_Temperature,SPCAI_Temperature
17:18,,21.626953125,,
Time,A2_Temperature,STC_Temperature,B_Hostel_Temperature,SPCAI_Temperature
17:28,,,,19.1
Time,A2_Temperature,STC_Temperature,B_Hostel_Temperature,SPCAI_Temperature
17:38,,,,19.1
Time,A2_Temperature,STC_Temperature,B_Hostel_Temperature,SPCAI_Temperature
17:48,,21.63203125,,
Time,A2_Temperature,STC_Temperature,B_Hostel_Temperature,SPCAI_Temperature
17:49,,,,19.1
Time,A2_Temperature,STC_Temperature,B_Hostel_Temperature,SPCAI_Temperature
17:53,,,31.01171875,
Time,A2_Temperature,STC_Temperature,B_Hostel_Temperature,SPCAI_Temperature
18:00,,,,19.1
Time,A2_Temperature,STC_Temperature,B_Hostel_Temperature,SPCAI_Temperature
18:10,,,,19.1
Time,A2_Temperature,STC_Temperature,B_Hostel_Temperature,SPCAI_Temperature
18:18,,21.657421875,,
Time,A2_Temperature,STC_Temperature,B_Hostel_Temperature,SPCAI_Temperature
18:21,,,,19.1
Time,A2_Temperature,STC_Temperature,B_Hostel_Temperature,SPCAI_Temperature
18:32,,,,19.1
Time,A2_Temperature,STC_Temperature,B_Hostel_Temperature,SPCAI_Temperature
18:33,,,31.114453125,
Time,A2_Temperature,STC_Temperature,B_Hostel_Temperature,SPCAI_Temperature
18:42,,,,19.1
Time,A2_Temperature,STC_Temperature,B_Hostel_Temperature,SPCAI_Temperature
18:49,,21.63203125,,
Time,A2_Temperature,STC_Temperature,B_Hostel_Temperature,SPCAI_Temperature
18:52,,,,19.1
Time,A2_Temperature,STC_Temperature,B_Hostel_Temperature,SPCAI_Temperature
19:03,,,,19.1
Time,A2_Temperature,STC_Temperature,B_Hostel_Temperature,SPCAI_Temperature
19:13,,,31.1810546875,
Time,A2_Temperature,STC_Temperature,B_Hostel_Temperature,SPCAI_Temperature
19:13,,,,19.1
Time,A2_Temperature,STC_Temperature,B_Hostel_Temperature,SPCAI_Temperature
19:19,,21.6421875,,
Time,A2_Temperature,STC_Temperature,B_Hostel_Temperature,SPCAI_Temperature
19:24,,,,19.1
Time,A2_Temperature,STC_Temperature,B_Hostel_Temperature,SPCAI_Temperature
19:35,,,,19.1
Time,A2_Temperature,STC_Temperature,B_Hostel_Temperature,SPCAI_Temperature
19:45,,,,19.1
Time,A2_Temperature,STC_Temperature,B_Hostel_Temperature,SPCAI_Temperature
19:49,,21.7083984375,,
Time,A2_Temperature,STC_Temperature,B_Hostel_Temperature,SPCAI_Temperature
19:53,,,31.11953125,
Time,A2_Temperature,STC_Temperature,B_Hostel_Temperature,SPCAI_Temperature
19:56,,,,19.1
Time,A2_Temperature,STC_Temperature,B_Hostel_Temperature,SPCAI_Temperature
20:07,,,,19.1
Time,A2_Temperature,STC_Temperature,B_Hostel_Temperature,SPCAI_Temperature
20:17,,,,19.1
Time,A2_Temperature,STC_Temperature,B_Hostel_Temperature,SPCAI_Temperature
20:19,,21.7642578125,,
Time,A2_Temperature,STC_Temperature,B_Hostel_Temperature,SPCAI_Temperature
20:28,,,,19.3
Time,A2_Temperature,STC_Temperature,B_Hostel_Temperature,SPCAI_Temperature
20:34,,,31.0322265625,
Time,A2_Temperature,STC_Temperature,B_Hostel_Temperature,SPCAI_Temperature
20:38,,,,19.2
Time,A2_Temperature,STC_Temperature,B_Hostel_Temperature,SPCAI_Temperature
20:49,,,,19.2
Time,A2_Temperature,STC_Temperature,B_Hostel_Temperature,SPCAI_Temperature
20:49,,21.8607421875,,
Time,A2_Temperature,STC_Temperature,B_Hostel_Temperature,SPCAI_Temperature
20:59,,,,19.3
Time,A2_Temperature,STC_Temperature,B_Hostel_Temperature,SPCAI_Temperature
21:10,,,,19.3
Time,A2_Temperature,STC_Temperature,B_Hostel_Temperature,SPCAI_Temperature
21:14,,,31.124609375,
Time,A2_Temperature,STC_Temperature,B_Hostel_Temperature,SPCAI_Temperature
21:19,,21.93203125,,
Time,A2_Temperature,STC_Temperature,B_Hostel_Temperature,SPCAI_Temperature
21:20,,,,19.3
Time,A2_Temperature,STC_Temperature,B_Hostel_Temperature,SPCAI_Temperature
21:31,,,,19.3
Time,A2_Temperature,STC_Temperature,B_Hostel_Temperature,SPCAI_Temperature
21:42,,,,19.3
Time,A2_Temperature,STC_Temperature,B_Hostel_Temperature,SPCAI_Temperature
21:49,,21.97265625,,
Time,A2_Temperature,STC_Temperature,B_Hostel_Temperature,SPCAI_Temperature
21:53,,,,19.3
Time,A2_Temperature,STC_Temperature,B_Hostel_Temperature,SPCAI_Temperature
21:54,,,31.222265625,
Time,A2_Temperature,STC_Temperature,B_Hostel_Temperature,SPCAI_Temperature
22:03,,,,19.3
Time,A2_Temperature,STC_Temperature,B_Hostel_Temperature,SPCAI_Temperature
22:13,,,,19.3
Time,A2_Temperature,STC_Temperature,B_Hostel_Temperature,SPCAI_Temperature
22:20,,21.967578125,,
Time,A2_Temperature,STC_Temperature,B_Hostel_Temperature,SPCAI_Temperature
22:24,,,,19.3
Time,A2_Temperature,STC_Temperature,B_Hostel_Temperature,SPCAI_Temperature
22:34,,,31.2068359375,
Time,A2_Temperature,STC_Temperature,B_Hostel_Temperature,SPCAI_Temperature
22:35,,,,19.3
Time,A2_Temperature,STC_Temperature,B_Hostel_Temperature,SPCAI_Temperature
22:45,,,,19.3
Time,A2_Temperature,STC_Temperature,B_Hostel_Temperature,SPCAI_Temperature
22:50,,22.01328125,,
Time,A2_Temperature,STC_Temperature,B_Hostel_Temperature,SPCAI_Temperature
22:56,,,,19.3
Time,A2_Temperature,STC_Temperature,B_Hostel_Temperature,SPCAI_Temperature
23:08,,,,19.3
Time,A2_Temperature,STC_Temperature,B_Hostel_Temperature,SPCAI_Temperature
23:14,,,31.2068359375,
Time,A2_Temperature,STC_Temperature,B_Hostel_Temperature,SPCAI_Temperature
23:17,,,,19.4
Time,A2_Temperature,STC_Temperature,B_Hostel_Temperature,SPCAI_Temperature
23:20,,22.028515625,,
Time,A2_Temperature,STC_Temperature,B_Hostel_Temperature,SPCAI_Temperature
23:27,,,,19.4
Time,A2_Temperature,STC_Temperature,B_Hostel_Temperature,SPCAI_Temperature
23:38,,,,19.4
Time,A2_Temperature,STC_Temperature,B_Hostel_Temperature,SPCAI_Temperature
23:49,,,,19.4
Time,A2_Temperature,STC_Temperature,B_Hostel_Temperature,SPCAI_Temperature
23:50,,22.028515625,,
Time,A2_Temperature,STC_Temperature,B_Hostel_Temperature,SPCAI_Temperature
23:54,,,31.26328125,
Time,A2_Temperature,STC_Temperature,B_Hostel_Temperature,SPCAI_Temperature
23:59,,,,19.3
Time,A2_Temperature,STC_Temperature,B_Hostel_Temperature,SPCAI_Temperature
24:10,,,,19.4
Time,A2_Temperature,STC_Temperature,B_Hostel_Temperature,SPCAI_Temperature
24:20,,22.04375,,
Time,A2_Temperature,STC_Temperature,B_Hostel_Temperature,SPCAI_Temperature
24:20,,,,19.4
Time,A2_Temperature,STC_Temperature,B_Hostel_Temperature,SPCAI_Temperature
24:31,,,,19.4
Time,A2_Temperature,STC_Temperature,B_Hostel_Temperature,SPCAI_Temperature
24:34,,,31.2837890625,
Time,A2_Temperature,STC_Temperature,B_Hostel_Temperature,SPCAI_Temperature
24:41,,,,19.4
Time,A2_Temperature,STC_Temperature,B_Hostel_Temperature,SPCAI_Temperature
24:50,,22.008203125,,
Time,A2_Temperature,STC_Temperature,B_Hostel_Temperature,SPCAI_Temperature
24:52,,,,19.3
Time,A2_Temperature,STC_Temperature,B_Hostel_Temperature,SPCAI_Temperature
25:02,,,,19.3
Time,A2_Temperature,STC_Temperature,B_Hostel_Temperature,SPCAI_Temperature
25:13,,,,19.4
Time,A2_Temperature,STC_Temperature,B_Hostel_Temperature,SPCAI_Temperature
25:20,,22.008203125,,
Time,A2_Temperature,STC_Temperature,B_Hostel_Temperature,SPCAI_Temperature
25:24,,,,19.3
Time,A2_Temperature,STC_Temperature,B_Hostel_Temperature,SPCAI_Temperature
25:35,,,,19.3
Time,A2_Temperature,STC_Temperature,B_Hostel_Temperature,SPCAI_Temperature
25:45,,,,19.4
Time,A2_Temperature,STC_Temperature,B_Hostel_Temperature,SPCAI_Temperature
25:50,,22.03359375,,
Time,A2_Temperature,STC_Temperature,B_Hostel_Temperature,SPCAI_Temperature
25:55,,,,19.4
Time,A2_Temperature,STC_Temperature,B_Hostel_Temperature,SPCAI_Temperature
26:06,,,,19.3
Time,A2_Temperature,STC_Temperature,B_Hostel_Temperature,SPCAI_Temperature
26:16,,,,19.3
Time,A2_Temperature,STC_Temperature,B_Hostel_Temperature,SPCAI_Temperature
26:20,,21.977734375,,
Time,A2_Temperature,STC_Temperature,B_Hostel_Temperature,SPCAI_Temperature
26:29,,,,19.4
Time,A2_Temperature,STC_Temperature,B_Hostel_Temperature,SPCAI_Temperature
26:38,,,,19.3
Time,A2_Temperature,STC_Temperature,B_Hostel_Temperature,SPCAI_Temperature
26:48,,,,19.4
Time,A2_Temperature,STC_Temperature,B_Hostel_Temperature,SPCAI_Temperature
26:50,,21.9421875,,
Time,A2_Temperature,STC_Temperature,B_Hostel_Temperature,SPCAI_Temperature
26:59,,,,19.3
Time,A2_Temperature,STC_Temperature,B_Hostel_Temperature,SPCAI_Temperature
27:09,,,,19.3
Time,A2_Temperature,STC_Temperature,B_Hostel_Temperature,SPCAI_Temperature
27:20,,,,19.3
Time,A2_Temperature,STC_Temperature,B_Hostel_Temperature,SPCAI_Temperature
27:20,,21.9015625,,
Time,A2_Temperature,STC_Temperature,B_Hostel_Temperature,SPCAI_Temperature
27:31,,,,19.3
Time,A2_Temperature,STC_Temperature,B_Hostel_Temperature,SPCAI_Temperature
27:41,,,,19.4
Time,A2_Temperature,STC_Temperature,B_Hostel_Temperature,SPCAI_Temperature
27:51,,21.876171875,,
Time,A2_Temperature,STC_Temperature,B_Hostel_Temperature,SPCAI_Temperature
27:52,,,,19.3
Time,A2_Temperature,STC_Temperature,B_Hostel_Temperature,SPCAI_Temperature
28:02,,,,19.4
Time,A2_Temperature,STC_Temperature,B_Hostel_Temperature,SPCAI_Temperature
28:13,,,,19.3
Time,A2_Temperature,STC_Temperature,B_Hostel_Temperature,SPCAI_Temperature
28:21,,21.8201171875,,
Time,A2_Temperature,STC_Temperature,B_Hostel_Temperature,SPCAI_Temperature
28:23,,,,19.3
Time,A2_Temperature,STC_Temperature,B_Hostel_Temperature,SPCAI_Temperature
28:34,,,,19.3
Time,A2_Temperature,STC_Temperature,B_Hostel_Temperature,SPCAI_Temperature
28:44,,,,19.3
Time,A2_Temperature,STC_Temperature,B_Hostel_Temperature,SPCAI_Temperature
28:51,,21.7693359375,,
Time,A2_Temperature,STC_Temperature,B_Hostel_Temperature,SPCAI_Temperature
28:55,,,,19.3
Time,A2_Temperature,STC_Temperature,B_Hostel_Temperature,SPCAI_Temperature
29:06,,,,19.3
Time,A2_Temperature,STC_Temperature,B_Hostel_Temperature,SPCAI_Temperature
29:16,,,,19.2
Time,A2_Temperature,STC_Temperature,B_Hostel_Temperature,SPCAI_Temperature
29:21,,21.7033203125,,
Time,A2_Temperature,STC_Temperature,B_Hostel_Temperature,SPCAI_Temperature
29:27,,,,19.1
Time,A2_Temperature,STC_Temperature,B_Hostel_Temperature,SPCAI_Temperature
29:37,,,,19.2
Time,A2_Temperature,STC_Temperature,B_Hostel_Temperature,SPCAI_Temperature
29:48,,,,19.2
Time,A2_Temperature,STC_Temperature,B_Hostel_Temperature,SPCAI_Temperature
29:51,,21.657421875,,
Time,A2_Temperature,STC_Temperature,B_Hostel_Temperature,SPCAI_Temperature
29:59,,,,19.2
Time,A2_Temperature,STC_Temperature,B_Hostel_Temperature,SPCAI_Temperature
30:09,,,,19.1
Time,A2_Temperature,STC_Temperature,B_Hostel_Temperature,SPCAI_Temperature
30:20,,,,19.1
Time,A2_Temperature,STC_Temperature,B_Hostel_Temperature,SPCAI_Temperature
30:21,,21.8099609375,,
Time,A2_Temperature,STC_Temperature,B_Hostel_Temperature,SPCAI_Temperature
30:30,,,,19.2
Time,A2_Temperature,STC_Temperature,B_Hostel_Temperature,SPCAI_Temperature
30:41,,,,19.3
Time,A2_Temperature,STC_Temperature,B_Hostel_Temperature,SPCAI_Temperature
30:51,,21.93203125,,
Time,A2_Temperature,STC_Temperature,B_Hostel_Temperature,SPCAI_Temperature
30:51,,,,19.3
Time,A2_Temperature,STC_Temperature,B_Hostel_Temperature,SPCAI_Temperature
31:02,,,,19.3
Time,A2_Temperature,STC_Temperature,B_Hostel_Temperature,SPCAI_Temperature
31:12,,,,19.5
Time,A2_Temperature,STC_Temperature,B_Hostel_Temperature,SPCAI_Temperature
31:21,,22.1150390625,,
Time,A2_Temperature,STC_Temperature,B_Hostel_Temperature,SPCAI_Temperature
31:23,,,,19.6
Time,A2_Temperature,STC_Temperature,B_Hostel_Temperature,SPCAI_Temperature
31:34,,,,19.5
Time,A2_Temperature,STC_Temperature,B_Hostel_Temperature,SPCAI_Temperature
31:44,,,,19.6
Time,A2_Temperature,STC_Temperature,B_Hostel_Temperature,SPCAI_Temperature
31:51,,22.2216796875,,
Time,A2_Temperature,STC_Temperature,B_Hostel_Temperature,SPCAI_Temperature
31:55,,,,19.6
Time,A2_Temperature,STC_Temperature,B_Hostel_Temperature,SPCAI_Temperature
32:05,,,,19.6
Time,A2_Temperature,STC_Temperature,B_Hostel_Temperature,SPCAI_Temperature
32:16,,,,19.7
Time,A2_Temperature,STC_Temperature,B_Hostel_Temperature,SPCAI_Temperature
32:22,,22.3640625,,
Time,A2_Temperature,STC_Temperature,B_Hostel_Temperature,SPCAI_Temperature
32:27,,,,19.8
Time,A2_Temperature,STC_Temperature,B_Hostel_Temperature,SPCAI_Temperature
32:37,,,,19.8
Time,A2_Temperature,STC_Temperature,B_Hostel_Temperature,SPCAI_Temperature
32:48,,,,19.9
Time,A2_Temperature,STC_Temperature,B_Hostel_Temperature,SPCAI_Temperature
32:52,,22.4810546875,,
Time,A2_Temperature,STC_Temperature,B_Hostel_Temperature,SPCAI_Temperature
32:58,,,,19.8
Time,A2_Temperature,STC_Temperature,B_Hostel_Temperature,SPCAI_Temperature
33:09,,,,19.9
Time,A2_Temperature,STC_Temperature,B_Hostel_Temperature,SPCAI_Temperature
33:19,,,,20.0
Time,A2_Temperature,STC_Temperature,B_Hostel_Temperature,SPCAI_Temperature
33:22,,22.5978515625,,
Time,A2_Temperature,STC_Temperature,B_Hostel_Temperature,SPCAI_Temperature
33:30,,,,19.9
Time,A2_Temperature,STC_Temperature,B_Hostel_Temperature,SPCAI_Temperature
33:40,,,,20.0
Time,A2_Temperature,STC_Temperature,B_Hostel_Temperature,SPCAI_Temperature
33:51,,,,20.1
Time,A2_Temperature,STC_Temperature,B_Hostel_Temperature,SPCAI_Temperature
33:52,,22.8419921875,,
Time,A2_Temperature,STC_Temperature,B_Hostel_Temperature,SPCAI_Temperature
34:02,,,,20.2
Time,A2_Temperature,STC_Temperature,B_Hostel_Temperature,SPCAI_Temperature
34:12,,,,20.2
Time,A2_Temperature,STC_Temperature,B_Hostel_Temperature,SPCAI_Temperature
34:22,,23.13671875,,
Time,A2_Temperature,STC_Temperature,B_Hostel_Temperature,SPCAI_Temperature
34:23,,,,20.3
Time,A2_Temperature,STC_Temperature,B_Hostel_Temperature,SPCAI_Temperature
34:33,,,,20.3
Time,A2_Temperature,STC_Temperature,B_Hostel_Temperature,SPCAI_Temperature
34:44,,,,20.4
Time,A2_Temperature,STC_Temperature,B_Hostel_Temperature,SPCAI_Temperature
34:52,,23.3859375,,
Time,A2_Temperature,STC_Temperature,B_Hostel_Temperature,SPCAI_Temperature
34:54,,,,20.4
Time,A2_Temperature,STC_Temperature,B_Hostel_Temperature,SPCAI_Temperature
35:05,,,,20.6
Time,A2_Temperature,STC_Temperature,B_Hostel_Temperature,SPCAI_Temperature
35:16,,,,20.6
Time,A2_Temperature,STC_Temperature,B_Hostel_Temperature,SPCAI_Temperature
35:22,,23.5994140625,,
Time,A2_Temperature,STC_Temperature,B_Hostel_Temperature,SPCAI_Temperature
35:27,,,,20.6
Time,A2_Temperature,STC_Temperature,B_Hostel_Temperature,SPCAI_Temperature
35:41,,,,20.6
Time,A2_Temperature,STC_Temperature,B_Hostel_Temperature,SPCAI_Temperature
35:52,,,,20.6
Time,A2_Temperature,STC_Temperature,B_Hostel_Temperature,SPCAI_Temperature
35:52,,23.772265625,,
Time,A2_Temperature,STC_Temperature,B_Hostel_Temperature,SPCAI_Temperature
36:02,,,,20.7
Time,A2_Temperature,STC_Temperature,B_Hostel_Temperature,SPCAI_Temperature
36:13,,,,20.7
Time,A2_Temperature,STC_Temperature,B_Hostel_Temperature,SPCAI_Temperature
36:23,,,,20.8
Time,A2_Temperature,STC_Temperature,B_Hostel_Temperature,SPCAI_Temperature
36:34,,,,20.9
Time,A2_Temperature,STC_Temperature,B_Hostel_Temperature,SPCAI_Temperature
36:45,,,,20.9
Time,A2_Temperature,STC_Temperature,B_Hostel_Temperature,SPCAI_Temperature
36:55,,,,20.9
Time,A2_Temperature,STC_Temperature,B_Hostel_Temperature,SPCAI_Temperature
37:06,,,,21.1
Time,A2_Temperature,STC_Temperature,B_Hostel_Temperature,SPCAI_Temperature
37:16,,,,21.1
Time,A2_Temperature,STC_Temperature,B_Hostel_Temperature,SPCAI_Temperature
37:27,,,,21.1
Time,A2_Temperature,STC_Temperature,B_Hostel_Temperature,SPCAI_Temperature
37:37,,,,21.0
Time,A2_Temperature,STC_Temperature,B_Hostel_Temperature,SPCAI_Temperature
37:48,,,,21.1
Time,A2_Temperature,STC_Temperature,B_Hostel_Temperature,SPCAI_Temperature
37:59,,,,21.1
Time,A2_Temperature,STC_Temperature,B_Hostel_Temperature,SPCAI_Temperature
38:09,,,,21.1
Time,A2_Temperature,STC_Temperature,B_Hostel_Temperature,SPCAI_Temperature
38:20,,,,21.2
Time,A2_Temperature,STC_Temperature,B_Hostel_Temperature,SPCAI_Temperature
38:30,,,,21.2
Time,A2_Temperature,STC_Temperature,B_Hostel_Temperature,SPCAI_Temperature
38:41,,,,21.2
Time,A2_Temperature,STC_Temperature,B_Hostel_Temperature,SPCAI_Temperature
38:52,,,,21.3
Time,A2_Temperature,STC_Temperature,B_Hostel_Temperature,SPCAI_Temperature
39:02,,,,21.3
Time,A2_Temperature,STC_Temperature,B_Hostel_Temperature,SPCAI_Temperature
39:13,,,,21.3
Time,A2_Temperature,STC_Temperature,B_Hostel_Temperature,SPCAI_Temperature
39:24,,,,21.3
Time,A2_Temperature,STC_Temperature,B_Hostel_Temperature,SPCAI_Temperature
39:34,,,,21.2
Time,A2_Temperature,STC_Temperature,B_Hostel_Temperature,SPCAI_Temperature
39:44,,,,21.3
Time,A2_Temperature,STC_Temperature,B_Hostel_Temperature,SPCAI_Temperature
39:55,,,,21.3
Time,A2_Temperature,STC_Temperature,B_Hostel_Temperature,SPCAI_Temperature
40:05,,,,21.3
Time,A2_Temperature,STC_Temperature,B_Hostel_Temperature,SPCAI_Temperature
40:16,,,,21.4
Time,A2_Temperature,STC_Temperature,B_Hostel_Temperature,SPCAI_Temperature
40:27,,,,21.3
Time,A2_Temperature,STC_Temperature,B_Hostel_Temperature,SPCAI_Temperature
40:37,,,,21.4
Time,A2_Temperature,STC_Temperature,B_Hostel_Temperature,SPCAI_Temperature
40:48,,,,21.3
Time,A2_Temperature,STC_Temperature,B_Hostel_Temperature,SPCAI_Temperature
40:58,,,,21.4
Time,A2_Temperature,STC_Temperature,B_Hostel_Temperature,SPCAI_Temperature
41:09,,,,21.3
Time,A2_Temperature,STC_Temperature,B_Hostel_Temperature,SPCAI_Temperature
41:19,,,,21.3
Time,A2_Temperature,STC_Temperature,B_Hostel_Temperature,SPCAI_Temperature
41:31,,,,21.2
Time,A2_Temperature,STC_Temperature,B_Hostel_Temperature,SPCAI_Temperature
41:41,,,,21.5
Time,A2_Temperature,STC_Temperature,B_Hostel_Temperature,SPCAI_Temperature
41:51,,,,21.4
Time,A2_Temperature,STC_Temperature,B_Hostel_Temperature,SPCAI_Temperature
42:02,,,,21.4
Time,A2_Temperature,STC_Temperature,B_Hostel_Temperature,SPCAI_Temperature
42:12,,,,21.5
Time,A2_Temperature,STC_Temperature,B_Hostel_Temperature,SPCAI_Temperature
42:23,,,,21.4
Time,A2_Temperature,STC_Temperature,B_Hostel_Temperature,SPCAI_Temperature
42:33,,,,21.4
Time,A2_Temperature,STC_Temperature,B_Hostel_Temperature,SPCAI_Temperature
42:44,,,,21.4
Time,A2_Temperature,STC_Temperature,B_Hostel_Temperature,SPCAI_Temperature
42:55,,,,21.4
Time,A2_Temperature,STC_Temperature,B_Hostel_Temperature,SPCAI_Temperature
43:05,,,,21.4
Time,A2_Temperature,STC_Temperature,B_Hostel_Temperature,SPCAI_Temperature
43:16,,,,21.4
Time,A2_Temperature,STC_Temperature,B_Hostel_Temperature,SPCAI_Temperature
43:27,,,,21.6
Time,A2_Temperature,STC_Temperature,B_Hostel_Temperature,SPCAI_Temperature
43:37,,,,21.5
Time,A2_Temperature,STC_Temperature,B_Hostel_Temperature,SPCAI_Temperature
43:47,,,,21.5
Time,A2_Temperature,STC_Temperature,B_Hostel_Temperature,SPCAI_Temperature
02:22,41,,,
Time,A2_Temperature,STC_Temperature,B_Hostel_Temperature,SPCAI_Temperature
02:42,41,,,
Time,A2_Temperature,STC_Temperature,B_Hostel_Temperature,SPCAI_Temperature
36:00,41,,,
